{
  "mode": "train",
  "seeds": [
    42
  ],
  "hyperparams": {
    "attn_heads": 4,
    "cheb_K": 4,
    "cheb_layers": 3,
    "embed_dim": 16,
    "hidden_dim": 64,
    "length_encoder": 12,
    "lr": 0.00010131111228515789,
    "temp_hidden_dim": 128,
    "temp_out_per_scale_day": 64,
    "temp_out_per_scale_week": 128,
    "temporal_attn_layers": 4,
    "weight_decay": 0.000750342583718194,
    "win_day": 96,
    "win_hour": 6,
    "win_week": 96
  },
  "per_seed": [
    {
      "seed": 42,
      "val_agg_mae": 0.013336966430460959,
      "metrics": {
        "val_per_h": {
          "1": {
            "MAE": 0.011054528829058236,
            "RMSE": 0.016615952352637138,
            "MAPE": 0.006288798123029743
          },
          "2": {
            "MAE": 0.013498184471492002,
            "RMSE": 0.01938344618880122,
            "MAPE": 0.00767060654163367
          },
          "4": {
            "MAE": 0.015458186376891694,
            "RMSE": 0.02190666707454364,
            "MAPE": 0.008816462481491899
          }
        },
        "test_per_h": {
          "1": {
            "MAE": 0.011107648651866142,
            "RMSE": 0.016394094034209113,
            "MAPE": 0.00632446951227416
          },
          "2": {
            "MAE": 0.013557624144057893,
            "RMSE": 0.01913583862645404,
            "MAPE": 0.007710281304667077
          },
          "4": {
            "MAE": 0.015438707512597401,
            "RMSE": 0.02142610010721299,
            "MAPE": 0.008820715088890358
          }
        }
      },
      "model_path": "/home/qusta100/STGNN/04_Results/01_Temporary/05_Predictions/05_Experiments/02_Experiments_Evaluation_Architecture/02_Hesse/01_E5/06_use_time/model_seed42.pt",
      "preds_path": "/home/qusta100/STGNN/04_Results/01_Temporary/05_Predictions/05_Experiments/02_Experiments_Evaluation_Architecture/02_Hesse/01_E5/06_use_time/preds_test_seed42.pt"
    }
  ]
}