{
  "trial": 1000,
  "score": 0.02867031932258506,
  "hyperparams": {
    "lr": 0.0003586052200111416,
    "weight_decay": 0.00017429128701017306,
    "embed_dim": 32,
    "hidden_dim": 128,
    "temp_hidden_dim": 32,
    "temp_out_per_scale_week": 64,
    "temp_out_per_scale_day": 32,
    "win_hour": 4,
    "win_day": 64,
    "win_week": 96,
    "cheb_K": 3,
    "cheb_layers": 1,
    "length_encoder": 32,
    "attn_heads": 4,
    "temporal_attn_layers": 5
  },
  "metrics_stats": {
    "val_per_h": {
      "1": {
        "MAE_mean": 0.028297632513473326,
        "MAE_var": NaN,
        "RMSE_mean": 0.039598881551061546,
        "RMSE_var": NaN,
        "MAPE_mean": 0.016019598728800762,
        "MAPE_var": NaN
      },
      "2": {
        "MAE_mean": 0.027665684699425205,
        "MAE_var": NaN,
        "RMSE_mean": 0.03781063759647235,
        "RMSE_var": NaN,
        "MAPE_mean": 0.015702849498949865,
        "MAPE_var": NaN
      },
      "4": {
        "MAE_mean": 0.030047640754856646,
        "MAE_var": NaN,
        "RMSE_mean": 0.04115745567716799,
        "RMSE_var": NaN,
        "MAPE_mean": 0.01709460162259143,
        "MAPE_var": NaN
      }
    },
    "test_per_h": {
      "1": {
        "MAE_mean": 0.027356670915007146,
        "MAE_var": NaN,
        "RMSE_mean": 0.03710701473169847,
        "RMSE_var": NaN,
        "MAPE_mean": 0.015594102829952626,
        "MAPE_var": NaN
      },
      "2": {
        "MAE_mean": 0.027198853746572313,
        "MAE_var": NaN,
        "RMSE_mean": 0.035974621949557285,
        "RMSE_var": NaN,
        "MAPE_mean": 0.015557646664282894,
        "MAPE_var": NaN
      },
      "4": {
        "MAE_mean": 0.028860219394469283,
        "MAE_var": NaN,
        "RMSE_mean": 0.038355406235029345,
        "RMSE_var": NaN,
        "MAPE_mean": 0.016535038626826846,
        "MAPE_var": NaN
      }
    }
  }
}