{
  "mode": "train",
  "seeds": [
    42
  ],
  "hyperparams": {
    "attn_heads": 4,
    "cheb_K": 4,
    "cheb_layers": 3,
    "embed_dim": 16,
    "hidden_dim": 64,
    "length_encoder": 12,
    "lr": 0.00010131111228515789,
    "temp_hidden_dim": 128,
    "temp_out_per_scale_day": 64,
    "temp_out_per_scale_week": 128,
    "temporal_attn_layers": 4,
    "weight_decay": 0.000750342583718194,
    "win_day": 96,
    "win_hour": 2,
    "win_week": 96
  },
  "per_seed": [
    {
      "seed": 42,
      "val_agg_mae": 0.030296718021153368,
      "metrics": {
        "val_per_h": {
          "1": {
            "MAE": 0.031298835283309484,
            "RMSE": 0.0421139556866977,
            "MAPE": 0.017849722721460216
          },
          "2": {
            "MAE": 0.029763442690748106,
            "RMSE": 0.041018346961785544,
            "MAPE": 0.01688434210717662
          },
          "4": {
            "MAE": 0.029827877025749745,
            "RMSE": 0.03865934619045784,
            "MAPE": 0.017063246009021767
          }
        },
        "test_per_h": {
          "1": {
            "MAE": 0.030136050539296005,
            "RMSE": 0.039399182886103126,
            "MAPE": 0.017286783850613663
          },
          "2": {
            "MAE": 0.028495589720976794,
            "RMSE": 0.038271253774578504,
            "MAPE": 0.016249331873244698
          },
          "4": {
            "MAE": 0.02899282653487421,
            "RMSE": 0.03680727170927726,
            "MAPE": 0.016685695071318833
          }
        }
      },
      "model_path": "/home/qusta100/STGNN/04_Results/01_Temporary/05_Predictions/05_Experiments/01_Experiments_Evaluation_HP/01_Thuringia/01_E5/01_WindowSize_Spatial/02/model_seed42.pt",
      "preds_path": "/home/qusta100/STGNN/04_Results/01_Temporary/05_Predictions/05_Experiments/01_Experiments_Evaluation_HP/01_Thuringia/01_E5/01_WindowSize_Spatial/02/preds_test_seed42.pt"
    }
  ]
}